ticker,company,article_count,date_start,date_end,summary,model
MGDDY,Michelin,116,2020-12-11,2026-04-02,"## Executive Summary
Michelin reported better-than-expected financial performance in 2021 and continued market improvements in Q2 and Q4 2022. The company is advancing with a clear M&A strategy to diversify sales and offset inflationary pressures. Michelin is also focusing on partnerships and technological innovation, particularly in the development of eco-friendly tires and sustainable solutions. Despite operational challenges such as workforce reductions, Michelin aims to drive growth through diversification into new activities like hydrogen power and medical devices.

## Financial Headwinds & Tailwinds
**Tailwinds:**
- Better-than-expected 2021 results with profits exceeding pre-pandemic levels.
- Continued market improvements in the Original Equipment Tires segment.
- Recovery in China and market improvements in Q4 2022.
- Strong financial metrics with a 10-11% FCF yield and less than 4.5 times EBITDA.
- Strong balance sheet with potential to monetize inventory build-up.

**Headwinds:**
- Raw material inflationary pressure.
- Workforce reduction plans in France.

## Major Innovations
- Partnership with Hyundai to produce premium eco-friendly tires for Hyundai's EVs.
- Development of sustainable and innovative tire solutions through partnerships with various automakers and technology companies.
- Investment in non-pneumatic products and potential catalysts like Stellantis' capital increase of Symbio.

## Major Initiatives
- Advancing with a clear M&A strategy to diversify sales and offset raw material inflationary pressure.
- €700 million deal with FCG to increase High-Tech Materials turnover by around 20%.
- Plans to cut workforce by up to 2,300 jobs over three years as part of a new simplification and competitiveness plan.
- Aiming to add about €14 billion to annual revenues by 2030 through diversification into new activities like hydrogen power and medical devices.

## Large Investments
- Acquisition of RoadBotics, a start-up specializing in road infrastructure image analysis.
- Investment in sophisticated simulation software for tire development.
- €700 million deal with FCG to increase High-Tech Materials turnover.

## Risks and Opportunities
**Opportunities:**
- Strong financial health and cash generation.
- Potential to monetize inventory build-up.
- Diversification into new activities like hydrogen power and medical devices.
- Positive developments in non-pneumatic products and potential catalysts like Stellantis' capital increase of Symbio.

**Risks:**
- Raw material inflationary pressure.
- Workforce reduction plans in France.
- Market trends and supply and demand considerations in rubber stocks.

## Investor Takeaway
Michelin's strategic focus on diversification, technological innovation, and sustainable growth is supported by strong financial metrics and positive market trends. Despite operational challenges, the company's initiatives and partnerships position it well for future growth and profitability.",qwen2.5:14b-instruct-q4_K_M
GT,Goodyear,763,2020-04-24,2026-04-05,"## Executive Summary
Goodyear Tire & Rubber Company (NASDAQ:GT) was actively managing its finances, exploring new business opportunities, and adapting to the challenges posed by the global pandemic in 2020. Key activities included issuing senior notes, collaborating with other businesses, and focusing on sustainability initiatives.

## Financial Headwinds & Tailwinds
- Financial headwinds: Significant stock price volatility, including a 11% drop after earnings were announced.
- Financial tailwinds: Issuing senior notes and raising capital through bond offerings in May and June 2020.

## Major Innovations
Not explicitly disclosed in provided material.

## Major Initiatives
- Collaborating with Turo for car-sharing services and Lordstown Motors for electric vehicle tires.
- Partnering with Enovos to build solar power stations at its testing facilities in Luxembourg.
- Changes in leadership, such as the appointment of a new president for consumer Europe.

## Large Investments
Not explicitly disclosed in provided material.

## Risks and Opportunities
- Risk: Significant stock price volatility.
- Opportunity: Exploring new business opportunities through collaborations and sustainability initiatives.

## Investor Takeaway
Goodyear was actively managing its financial situation and exploring new business opportunities in 2020, despite the challenges posed by the global pandemic. The company's efforts to collaborate with other businesses and focus on sustainability initiatives indicate a strategic approach to long-term growth and resilience.",qwen2.5:14b-instruct-q4_K_M
BRDCY,Bridgestone,74,2020-11-16,2026-03-19,"## Executive Summary
Bridgestone Corporation is strategically focusing on innovation, sustainability, and digital transformation to maintain competitiveness in the evolving automotive industry. Key initiatives include investments in autonomous vehicle technology, electric vehicle infrastructure, and partnerships with startups and tech companies. The company is also enhancing its cybersecurity measures and expanding e-commerce capabilities to cater to changing customer needs.

## Financial Headwinds & Tailwinds
- **Tailwinds**: Bridgestone has been upgraded to a Zacks Rank #1 (Strong Buy), indicating growing optimism about the company's earnings prospects. The company is targeting significant profits as demand for tires continues to grow.
- **Headwinds**: Not explicitly disclosed in provided material.

## Major Innovations
- Bridgestone is investing in autonomous vehicle technology and electric vehicle (EV) infrastructure, indicating a shift towards future mobility solutions.
- The company is collaborating with partners to develop sustainable mobility solutions, including autonomous trucking and electric vehicles.
- Bridgestone is enhancing its customer experience through partnerships with companies like Blink Charging and Wrench, which provide EV charging stations and mobile car repair services, respectively.

## Major Initiatives
- Bridgestone is expanding its e-commerce capabilities and investing in mobile car repair services and EV charging infrastructure to cater to changing customer needs.
- The company is addressing supply chain challenges, such as rubber shortages, by exploring innovative solutions like desert plantations.
- Bridgestone is committed to reducing its carbon footprint and exploring innovative ways to manage tire disposal and recycling.

## Large Investments
- Bridgestone is investing in autonomous vehicle technology and electric vehicle (EV) infrastructure.
- The company is also investing in mobile car repair services and EV charging infrastructure to cater to changing customer needs.

## Risks and Opportunities
- **Risks**: Bridgestone experienced a ransomware attack on its U.S. subsidiary, highlighting the importance of cybersecurity in the automotive industry.
- **Opportunities**: The company is forming numerous partnerships with companies like May Mobility, Fisker, and Advance Auto Parts to expand its product offerings and service capabilities. These collaborations help Bridgestone stay competitive and address emerging market needs.

## Investor Takeaway
Bridgestone's strategic focus on innovation, sustainability, and digital transformation positions the company well for future growth and competitiveness in the evolving automotive industry. The company's investments in autonomous vehicle technology, electric vehicle infrastructure, and partnerships with startups and tech companies demonstrate a commitment to staying ahead of industry trends. Additionally, Bridgestone's efforts to enhance cybersecurity and expand e-commerce capabilities further underscore its dedication to meeting the changing needs of customers and the market.",qwen2.5:14b-instruct-q4_K_M
CTTAY,Continental,82,2020-10-27,2026-03-23,"## Executive Summary
Continental AG has been navigating significant challenges, including supply chain disruptions, regulatory investigations, and the ongoing impact of the pandemic. Despite these headwinds, the company has been making strategic investments in technology and partnerships to enhance its autonomous vehicle capabilities and maintain competitiveness in the automotive industry. These efforts suggest a focus on long-term growth and innovation despite short-term challenges.

## Financial Headwinds & Tailwinds
- **Financial Headwinds**: Continental faced significant headwinds in Q4 2022, Q2 2022, and Q1 2022 due to supply chain disruptions and inflationary pressures. The company also revised its guidance for 2020, forecasting lower sales and a smaller adjusted earnings margin due to the impact of the COVID-19 pandemic.
- **Financial Tailwinds**: Not explicitly disclosed in provided material.

## Major Innovations
- **AEye Partnership**: Continental invested in AEye, a lidar sensor maker, to enhance its autonomous vehicle technology. This partnership aims to integrate AEye's LiDAR system into Continental's existing short-range LiDAR technology.
- **Ambarella Partnership**: Continental partnered with Ambarella, an AI chip firm, to develop software and hardware systems for autonomous driving.

## Major Initiatives
- **Gifhorn Plant Closure**: Continental announced plans to phase out activities at its Gifhorn plant by the end of 2027, affecting 450 out of 900 jobs initially.
- **Strategic Decisions**: The company has been making strategic decisions to adapt to market conditions, such as cutting vehicle production forecasts due to chip supply issues.

## Large Investments
- **AEye Partnership**: Continental invested in AEye, a lidar sensor maker, to enhance its autonomous vehicle technology.
- **ITT Agreement**: Continental signed a 10-year strategic aftermarket agreement with ITT Inc., focusing on the automotive aftermarket.

## Risks and Opportunities
- **Regulatory Risks**: German prosecutors seized documents at Continental AG as part of an investigation into the illegal use of defeat devices in diesel engines, and are investigating a cyberattack on Continental, impacting the company's operations.
- **Opportunities**: Continental has opportunities to enhance its autonomous vehicle technology through strategic partnerships and investments, and to maintain competitiveness in the automotive industry through strategic decisions and market analysis.

## Investor Takeaway
Continental AG is facing significant challenges but is also making strategic investments and partnerships to enhance its autonomous vehicle technology and maintain competitiveness. Despite short-term headwinds, the company's focus on long-term growth and innovation suggests potential for future success.",qwen2.5:14b-instruct-q4_K_M
PLLIF,Pirelli,40,2022-03-17,2026-02-25,"## Executive Summary
Pirelli's Q4 2025 earnings call discussed financial performance and strategic initiatives. Additionally, Italy's government and Pirelli are exploring ways to reduce Chinese Sinochem's involvement in the company. Pirelli and Bosch are collaborating on intelligent tire technology, enhancing safety and driving dynamics. Pirelli's Elect tires have received over 500 homologations since 2019, confirming the company's leadership in the EV segment.

## Financial Headwinds & Tailwinds
- Pirelli's Q4 2025 earnings call highlighted the company's financial performance and strategic initiatives, including the impact of geopolitical tensions and inflation.
- The company's revenue remained flat in 2023, but lower operating costs led to increased profits and free cash flows.
- Pirelli's stock is priced attractively with a 10% free cash flow yield and a 4.5 times adjusted EBITDA in 2025, indicating a good investment opportunity.

## Major Innovations
- Pirelli and Bosch are collaborating on intelligent tire technology, combining Bosch's expertise in system-level hardware and software with Pirelli's Cyber Tyre technologies, algorithms, and in-tyre sensors.
- Pirelli's Elect tires have received over 500 homologations since their launch in 2019, confirming the company's leadership in the EV segment.

## Major Initiatives
- Italy's government and Pirelli are exploring ways to reduce Chinese Sinochem's influence over the company, including new board appointments and governance structures.
- Italy has imposed several curbs on Pirelli's biggest shareholder, Sinochem, to block the Chinese government's access to sensitive chip technology.

## Large Investments
Not explicitly disclosed in provided material.

## Risks and Opportunities
- Pirelli is not planning any factory closures in response to the automotive industry crisis.
- The company is raising sales targets due to strong pricing power and cost savings, which help offset economic challenges.
- Pirelli is addressing the unique challenges of EV tire design, such as faster wear rates due to quick acceleration.

## Investor Takeaway
Not explicitly disclosed in provided material.",qwen2.5:14b-instruct-q4_K_M
SSUMY,Sumitomo,274,2023-01-31,2026-04-07,"## Executive Summary
Sumitomo Corp. (SSUMY) is a diversified conglomerate with strong fundamentals and strategic initiatives. Key highlights include Warren Buffett's increasing investment in the company, indicating a positive long-term outlook. The company is expanding its battery materials production capacity and engaging in renewable energy projects, positioning it well in growing markets. Sumitomo's diversified operations and collaborative approach also contribute to its appeal for value and growth investors.

## Financial Headwinds & Tailwinds
Not explicitly disclosed in provided material.

## Major Innovations
- Battery materials production capacity is planned to triple by 2030, aligning with the growing demand for electric vehicles and renewable energy storage solutions.
- Establishment of a renewable energy development company in the United States focusing on solar power generation.
- Collaboration with Liontown Resources to study the production of lithium hydroxide in Japan.

## Major Initiatives
- Warren Buffett's increasing investment in Sumitomo Corp., indicating a strong endorsement from a successful investor.
- Diversification of business portfolio through renewable energy projects and strategic partnerships.
- Strategic partnerships with Advantage Capital and Liontown Resources to explore innovative solutions and new business opportunities.

## Large Investments
- Expansion of battery materials production capacity by tripling it by 2030.
- Establishment of a renewable energy development company in the United States.

## Risks and Opportunities
- Opportunities: Strong buy rating by analysts, recent price strength, and strategic partnerships.
- Risks: Not explicitly disclosed in provided material.

## Investor Takeaway
Sumitomo Corp. is well-positioned with strong fundamentals, strategic initiatives, and a promising outlook. The company's focus on renewable energy and battery materials, along with the endorsement from Warren Buffett, enhances its appeal for value and growth investors.",qwen2.5:14b-instruct-q4_K_M
