ticker,company,transcript_count,latest_period,summary,model
MGDDY,Michelin,5,Q4 2022,"## Trend Summary Across Periods
- **Revenue Growth**: Michelin has consistently reported revenue growth across the periods, with the most significant increase in 2022, reaching €28.6 billion, a 20.2% increase from the previous year.
- **Operating Income Stability**: Despite fluctuations in operating income, Michelin has managed to maintain or improve its operating margins through effective cost management and pricing strategies.
- **Non-Tire Business Expansion**: There has been a notable growth in non-tire business sales, contributing positively to overall revenue growth and diversifying the company's revenue streams.
- **Environmental Commitments**: Michelin has strengthened its environmental commitments, signing the Race to Zero agreement and focusing on reducing carbon emissions and achieving a net zero carbon footprint by 2050.
- **Challenges in Free Cash Flow**: Free cash flow has been impacted by inflation and timing issues, particularly in Q4 2022, but the company expects recovery in Q1 2023.

## What Changed Most Recently
- **Revenue Growth**: Sales increased by 20.2% in 2022, compared to 16.3% in 2021, indicating a significant improvement.
- **Operating Income**: Operating income was €3.4 billion in 2022, up from €2.97 billion in 2021, showing a positive trend.
- **Non-Tire Business Growth**: Non-tire sales grew by 22% at constant exchange rates in 2022, compared to 18% in Q2 2022, demonstrating a continued acceleration in this segment.
- **Free Cash Flow**: Free cash flow was impacted negatively in Q4 2022 due to inflation and trade timing issues, compared to positive structural free cash flow in Q4 2021, indicating a worsening situation.
- **Strategic Priorities**: The focus on the Michelin Motion 2030 strategy plan, emphasizing People, Profit, and Planet, is a recent shift from earlier priorities like market share gains in large tires and premium strategy.

## Financial Headwinds & Tailwinds
- **Headwinds**: Inflation, supply chain disruptions, and geopolitical tensions (e.g., conflict in Ukraine) have been significant challenges.
- **Tailwinds**: Positive currency effects, particularly from the US dollar, strong pricing discipline, and cost management have been key drivers of financial performance.

## Major Innovations
- **Not Explicitly Disclosed**: No specific major innovations were mentioned in the provided summaries.

## Major Initiatives
- **Michelin Motion 2030 Strategy Plan**: Focus on improving workforce engagement, reducing carbon emissions, and enhancing operational performance.
- **Environmental Commitments**: Strengthening environmental commitments, such as signing the Race to Zero agreement.
- **Workforce Engagement**: Emphasis on improving workforce engagement and diversity.

## Large Investments
- **Capital Expenditure**: Expected to be around €2.2 billion in 2022, focusing on catching up on delayed investments from the previous two years due to the pandemic.
- **Acquisitions**: Strategic acquisitions and partnerships to support growth, such as agreements with TBC Corporation and Mobivia in 2017.

## Top 3 Watch Items
- **Free Cash Flow Recovery**: Monitor the expected recovery in free cash flow in Q1 2023.
- **Non-Tire Business Growth**: Keep an eye on the continued growth and diversification of non-tire business sales.
- **Environmental Goals**: Track progress towards achieving environmental commitments and carbon reduction targets.",qwen2.5:14b-instruct-q4_K_M
GT,Goodyear,36,Q4 2025,"## Trend Summary Across Periods
Not explicitly disclosed in provided material.

## What Changed Most Recently
Not explicitly disclosed in provided material.

## Financial Headwinds & Tailwinds
- **Headwinds:**
  - Higher raw material costs ($50 million) and delayed price increases in the U.S. market.
  - Industry-wide promotional activities and increased channel inventories.
  - Negative impact from a tornado at a leased distribution center in Georgia.
- **Tailwinds:**
  - Strong sales in Latin America and international markets.
  - Implementation of March price increases and mix improvements.
  - Expected stabilization of raw material costs in the second half of 2017.

## Major Innovations
Not explicitly disclosed in provided material.

## Major Initiatives
- **Strategic Priorities:**
  - Driving top-line profitable growth.
  - Developing a competitive cost structure.
  - Building organizational capabilities.
- **Initiatives:**
  - Shortening product development cycle time by over 30% since 2011.
  - Expanding distribution and tailored product offerings in Latin America.
  - Adding automation and new tire building equipment in U.S. and Europe.
  - Upgrading manufacturing facilities to improve efficiency and quality.

## Large Investments
Not explicitly disclosed in provided material.

## Top 3 Watch Items
- Raw material cost trends and their impact on pricing and profitability.
- Performance in Latin America and international markets.
- Progress on strategic initiatives to enhance manufacturing efficiency and product innovation.",qwen2.5:14b-instruct-q4_K_M
BRDCY,Bridgestone,15,Q4 2025,"## Trend Summary Across Periods
Not explicitly disclosed in provided material.

## What Changed Most Recently
Not explicitly disclosed in provided material.

## Financial Headwinds & Tailwinds
- **Headwinds:**
  - Rising petrochemical raw material prices.
  - Weaker emerging market currencies.
- **Tailwinds:**
  - Strong sales growth in ORR tires and HRD tires.
  - Robust sales in the TBR OE segment in North America.
  - Stable sales in the PSR segment in North America.

## Major Innovations
Not explicitly disclosed in provided material.

## Major Initiatives
- Emphasis on restructuring the diversified product business.
- Implementation of pricing strategies to address rising raw material costs.

## Large Investments
- No significant large investments were disclosed in Q1 2019.

## Top 3 Watch Items
1. Revenue and profit decline despite strong sales in certain segments.
2. Sales growth in key segments such as ORR tires, HRD tires, and TBR OE in North America.
3. Strategic initiatives focusing on restructuring and pricing strategies to mitigate rising raw material costs.",qwen2.5:14b-instruct-q4_K_M
CTTAY,Continental,23,Q4 2025,"## Trend Summary Across Periods
Not explicitly disclosed in provided material.

## What Changed Most Recently
- Organic growth rate declined to -2% despite a 6% decline in global vehicle production.
- Strong order intake of €9 billion, resulting in a book-to-bill ratio of 1.4x.
- Successfully placed a short-term loan of €500 million.
- Completed acquisitions of Kathrein Automotive GmbH and Cooper-Standard Automotive's anti-vibration systems business.

## Financial Headwinds & Tailwinds
### Financial Headwinds
- A 6% decline in global vehicle production, impacting volumes and margins.
- Lower volumes and increased depreciation expenses.
- Higher R&D expenses.

### Financial Tailwinds
- Strong performance in the Tire division.
- Robust performance in industrial businesses within ContiTech.

## Major Innovations
Not explicitly disclosed in provided material.

## Major Initiatives
- **Cost Actions:** Activating multiple performance and cost levers to adapt to the challenging environment.
- **Group Structure Transition:** Preparing for the planned partial IPO of the Powertrain business.
- **Future Automotive Technologies Area:** Defining a new area to maximize growth opportunities in automotive technologies.

## Large Investments
- Successfully placed a short-term loan of €500 million.
- Acquisitions of Kathrein Automotive GmbH and Cooper-Standard Automotive's anti-vibration systems business.

## Top 3 Watch Items
1. **Cost Reduction Efforts:** Activating multiple performance and cost levers to adapt to the challenging environment.
2. **Partial IPO of Powertrain Business:** Preparing for the planned partial IPO of the Powertrain business.
3. **Future Automotive Technologies Area:** Defining a new area to maximize growth opportunities in automotive technologies.",qwen2.5:14b-instruct-q4_K_M
PLLIF,Pirelli,3,Q3 2025,"## Trend Summary Across Periods
- **Consistent Organic Growth**: Pirelli has maintained strong organic growth across quarters, with Q1 2025 showing 4.7%, Q2 2025 at 4.4%, and Q3 2025 at 3.7%.
- **High-Value Segment Focus**: The company has consistently emphasized growth in high-value segments, which accounted for 81% of sales in Q1 2025 and continued to be a strategic priority.
- **Technological Leadership**: Pirelli has launched several new products and technologies, including the fifth generation P Zero tire, Cinturato SF3, and Cyber Tyre, reinforcing its technological edge.
- **Sustainability Initiatives**: Significant progress in sustainability metrics, such as a 16.5% reduction in absolute emissions and a 3% reduction in accident rates, highlighting a growing commitment to environmental and safety standards.
- **Commercial Strategy and Cost Management**: Effective commercial strategies and internal cost management have been key drivers of financial performance, despite external challenges like inflation and geopolitical tensions.

## What Changed Most Recently
- **Recent vs Prior Periods**: Q3 2025 saw a slight deceleration in organic growth compared to Q2 2025 (3.7% vs 4.4%), but profitability remained high at 16.1%.
- **What Improved**: Profitability reached a record high among peers, and the company made significant strides in product innovation, particularly with the Cyber Tyre technology and its integration with Aston Martin.
- **What Worsened**: The growth rate slightly decreased, and the company faced continued challenges from high exchange rate volatility and input cost inflation.

## Financial Headwinds & Tailwinds
- **Headwinds**: High exchange rate volatility, input cost inflation, and geopolitical tensions have been persistent challenges across quarters.
- **Tailwinds**: Strong market share growth in high-value segments, improved operating performance, rigorous inventory management, and strategic focus on high-value markets have driven positive financial results.

## Major Innovations
- **Cyber Tyre Technology**: The most meaningful innovation trend has been the development and integration of Cyber Tyre technology, which leverages AI and sensor fusion for data-driven vehicle performance and safety improvements.

## Major Initiatives
- **Strategic Priorities**: Management has repeatedly emphasized the strategic priorities of strengthening market position in high-value segments, technological leadership, and operational efficiency programs.
- **Workforce and Restructuring Themes**: While workforce details were not explicitly disclosed, the focus on efficiency programs suggests ongoing efforts to streamline operations and enhance workforce productivity.

## Large Investments
- **Automation Projects**: Significant investments in automation projects to enhance manufacturing efficiency and reduce costs.

## Top 3 Watch Items
- **Cyber Tyre Technology Integration**: Continued progress and partnerships for Cyber Tyre technology.
- **High-Value Segment Growth**: Performance and market share in high-value segments.
- **Financial Performance Amid Challenges**: Profitability and cost management in the face of ongoing headwinds.",qwen2.5:14b-instruct-q4_K_M
SSUMY,Sumitomo,0,,No transcripts available.,qwen2.5:14b-instruct-q4_K_M
